timestamp_s,front_qr,front_qi,front_qj,front_qk,front_m1_rad,front_m2_rad,front_m1_cmd,front_m2_cmd,back_qr,back_qi,back_qj,back_qk,back_m1_rad,back_m2_rad,back_m1_cmd,back_m2_cmd
0.3601,0.139221,0.908142,0.354309,-0.174255,0.0,0.0,27.148833909810108,12.764827352437825,0.245911,-0.450256,-0.854309,0.083374,0.0,0.0,27.148833909810108,12.764827352437825
0.4219,0.139221,0.908142,0.354309,-0.174255,0.0,0.0,29.102509360467838,7.2831276882862515,0.245911,-0.450256,-0.854309,0.083374,0.0,0.0,29.102509360467838,7.2831276882862515
0.442,0.139221,0.908142,0.354309,-0.174255,0.0,0.0,29.503745465672665,5.434059577958228,0.245911,-0.450256,-0.854309,0.083374,0.0,0.0,29.503745465672665,5.434059577958228
0.4621,0.139221,0.908142,0.354309,-0.174255,0.0,0.0,29.78786895516568,3.5613007609406737,0.245911,-0.450317,-0.854309,0.083374,0.0,0.0,29.78786895516568,3.5613007609406737
0.4823,0.139221,0.908142,0.354309,-0.174255,0.0,0.0,29.953427664658726,1.6709790956374473,0.245911,-0.450256,-0.854309,0.083374,0.0,0.0,29.953427664658726,1.6709790956374473
0.5024,0.139221,0.908142,0.354309,-0.174255,0.0,0.0,29.999175550412634,-0.22241019653994767,0.245911,-0.450317,-0.854309,0.083374,0.0,0.0,29.999175550412634,-0.22241019653994767
0.5225,0.139221,0.908142,0.354309,-0.174255,0.0,0.0,29.92537061433055,-2.1147561549648035,0.245911,-0.450317,-0.854309,0.083374,0.0,0.0,29.92537061433055,-2.1147561549648035
0.5426,0.139221,0.908142,0.354309,-0.174255,0.0,0.0,29.73141645350239,-4.005355872879131,0.245911,-0.450317,-0.854309,0.083374,0.0,0.0,29.73141645350239,-4.005355872879131
0.5627,0.139221,0.908142,0.354309,-0.174255,0.0,0.0,29.41905638521604,-5.875297558718148,0.24585,-0.450317,-0.854309,0.083374,0.0,0.0,29.41905638521604,-5.875297558718148
0.5828,0.139221,0.908142,0.354309,-0.174255,0.0,0.0,28.989688015524823,-7.719973365403306,0.24585,-0.450317,-0.854309,0.083374,0.0,0.0,28.989688015524823,-7.719973365403306
0.6029,0.139221,0.908142,0.354309,-0.174316,0.0,0.0,28.445030707586298,-9.533112190909774,0.24585,-0.450317,-0.854309,0.083374,0.0,0.0,28.445030707586298,-9.533112190909774
0.623,0.139221,0.908142,0.354309,-0.174316,0.0,0.0,27.787315264115385,-11.307745593736188,0.24585,-0.450317,-0.854309,0.083374,0.0,0.0,27.787315264115385,-11.307745593736188
0.6431,0.139221,0.908142,0.354309,-0.174316,0.0,0.0,27.018882033564992,-13.037638346583282,0.24585,-0.450317,-0.854309,0.083374,0.0,0.0,27.018882033564992,-13.037638346583282
0.6632,0.139221,0.908142,0.354309,-0.174316,0.0,0.0,26.142850007467043,-14.715685287715292,0.24585,-0.450317,-0.854309,0.083374,0.0,0.0,26.142850007467043,-14.715685287715292
0.6833,0.139221,0.908142,0.354309,-0.174316,0.0,0.0,25.15985676798781,-16.33957182469412,0.24585,-0.450317,-0.854309,0.083374,0.0,0.0,25.15985676798781,-16.33957182469412
0.7034,0.139221,0.908142,0.354309,-0.174316,0.0,0.0,24.078705999184894,-17.894577877245872,0.24585,-0.450317,-0.854309,0.083374,0.0,0.0,24.078705999184894,-17.894577877245872
0.7235,0.139221,0.908142,0.354309,-0.174316,0.0,0.0,22.902504454953444,-19.37718477206732,0.24585,-0.450317,-0.854309,0.083374,0.0,0.0,22.902504454953444,-19.37718477206732
0.7436,0.139221,0.908142,0.354309,-0.174316,0.0,0.0,21.635161801902694,-20.78267965892489,0.24585,-0.450317,-0.854309,0.083374,0.0,0.0,21.635161801902694,-20.78267965892489
0.7637,0.139221,0.908142,0.354309,-0.174255,0.0,0.0,20.28297978538838,-22.104314760370343,0.24585,-0.450317,-0.854309,0.083374,0.0,0.0,20.28297978538838,-22.104314760370343
0.7837,0.139221,0.908142,0.354309,-0.174255,0.0,0.0,18.84973720091022,-23.3385391028792,0.24585,-0.450317,-0.854309,0.083374,0.0,0.0,18.84973720091022,-23.3385391028792
0.8038,0.139221,0.908142,0.354309,-0.174255,0.0,0.0,17.341567036019576,-24.479992907172978,0.24585,-0.450317,-0.854309,0.083374,0.0,0.0,17.341567036019576,-24.479992907172978
0.8239,0.139221,0.908142,0.354309,-0.174255,0.0,0.0,15.765209850011564,-25.5236783866491,0.24585,-0.450317,-0.854309,0.083374,0.0,0.0,15.765209850011564,-25.5236783866491
0.8439,0.139221,0.908142,0.354309,-0.174255,0.0,0.0,14.126244087170154,-26.466001360040966,0.24585,-0.450317,-0.854309,0.083374,0.0,0.0,14.126244087170154,-26.466001360040966
0.864,0.139221,0.908142,0.354309,-0.174255,0.0,0.0,12.430933186467888,-27.303331300659472,0.24585,-0.450317,-0.854309,0.083374,0.0,0.0,12.430933186467888,-27.303331300659472
0.8841,0.139221,0.908142,0.354309,-0.174255,0.0,0.0,10.686409059571295,-28.03213622632982,0.24585,-0.450317,-0.854248,0.083374,0.0,0.0,10.686409059571295,-28.03213622632982
0.9041,0.139221,0.908142,0.354309,-0.174255,0.0,0.0,8.899527663886099,-28.649579531988355,0.245911,-0.450317,-0.854248,0.083435,0.0,0.0,8.899527663886099,-28.649579531988355
0.9242,0.139221,0.908142,0.354309,-0.174255,0.0,0.0,7.077368970233974,-29.153230497822523,0.245911,-0.450317,-0.854248,0.083435,0.0,0.0,7.077368970233974,-29.153230497822523
0.9443,0.139221,0.908142,0.354309,-0.174255,0.0,0.0,5.226906694724035,-29.541148359612716,0.245911,-0.450317,-0.854248,0.083435,0.0,0.0,5.226906694724035,-29.541148359612716
0.9643,0.139221,0.908142,0.354309,-0.174255,0.0,0.0,3.3548352606270018,-29.811827860331775,0.245911,-0.450317,-0.854248,0.083435,0.0,0.0,3.3548352606270018,-29.811827860331775
0.9844,0.139221,0.908142,0.354309,-0.174255,0.0,0.0,1.467967969035914,-29.96406297620342,0.245911,-0.450317,-0.854248,0.083435,0.0,0.0,1.467967969035914,-29.96406297620342
1.0045,0.139221,0.908142,0.354309,-0.174255,0.0,0.0,-0.42508121238139374,-29.99698828154054,0.245911,-0.450317,-0.854248,0.083435,0.0,0.0,-0.42508121238139374,-29.99698828154054
1.0246,0.139221,0.908142,0.354309,-0.174255,0.0,0.0,-2.3146002082869668,-29.91057715718301,0.245911,-0.450317,-0.854248,0.083435,0.0,0.0,-2.3146002082869668,-29.91057715718301
1.0446,0.139221,0.908142,0.354309,-0.174255,0.0,0.0,-4.194072539434181,-29.705382602046456,0.245911,-0.450317,-0.854248,0.083374,0.0,0.0,-4.194072539434181,-29.705382602046456
1.0647,0.139221,0.908142,0.354309,-0.174194,0.0,0.0,-6.05873594805794,-29.3818263338362,0.245911,-0.450317,-0.854309,0.083374,0.0,0.0,-6.05873594805794,-29.3818263338362
1.0848,0.139221,0.908142,0.354309,-0.174194,0.0,0.0,-7.897488642591876,-28.94183258088769,0.245911,-0.450317,-0.854309,0.083374,0.0,0.0,-7.897488642591876,-28.94183258088769
1.1049,0.139221,0.908142,0.354309,-0.174194,0.0,0.0,-9.704640330520833,-28.386968067323224,0.24585,-0.450317,-0.854309,0.083374,0.0,0.0,-9.704640330520833,-28.386968067323224
1.1249,0.139221,0.908142,0.354309,-0.174194,0.0,0.0,-11.473340400594196,-27.719351724960905,0.24585,-0.450317,-0.854309,0.083374,0.0,0.0,-11.473340400594196,-27.719351724960905
1.145,0.139221,0.908142,0.354309,-0.174194,0.0,0.0,-13.198597239957287,-26.940620462368567,0.24585,-0.450317,-0.854309,0.083374,0.0,0.0,-13.198597239957287,-26.940620462368567
1.1651,0.139221,0.908142,0.354309,-0.174194,0.0,0.0,-14.870900148898878,-26.05487149769654,0.24585,-0.450317,-0.854309,0.083374,0.0,0.0,-14.870900148898878,-26.05487149769654
1.1852,0.139221,0.908142,0.354309,-0.174194,0.0,0.0,-16.48305466901671,-25.066090815645875,0.24585,-0.450317,-0.854309,0.083374,0.0,0.0,-16.48305466901671,-25.066090815645875
1.2052,0.139221,0.908142,0.354309,-0.174194,0.0,0.0,-18.029200285762983,-23.978072004559582,0.24585,-0.450317,-0.854309,0.083374,0.0,0.0,-18.029200285762983,-23.978072004559582
1.2253,0.13916,0.908142,0.354309,-0.174194,0.0,0.0,-19.503742909506144,-22.794824248497484,0.24585,-0.450317,-0.854309,0.083374,0.0,0.0,-19.503742909506144,-22.794824248497484
1.2453,0.13916,0.908142,0.354309,-0.174194,0.0,0.0,-20.90087475089452,-21.520999852409737,0.24585,-0.450317,-0.854309,0.083374,0.0,0.0,-20.90087475089452,-21.520999852409737
1.2654,0.13916,0.908142,0.354309,-0.174194,0.0,0.0,-22.214917316534695,-20.161781881062172,0.24585,-0.450317,-0.854309,0.083374,0.0,0.0,-22.214917316534695,-20.161781881062172
1.2855,0.13916,0.908142,0.354309,-0.174194,0.0,0.0,-23.440849687560366,-18.722354711018625,0.24585,-0.450317,-0.854309,0.083374,0.0,0.0,-23.440849687560366,-18.722354711018625
1.3055,0.13916,0.908142,0.354309,-0.174194,0.0,0.0,-24.57359608423549,-17.208671520162337,0.24585,-0.450317,-0.854309,0.083374,0.0,0.0,-24.57359608423549,-17.208671520162337
1.3256,0.139221,0.908142,0.354309,-0.174194,0.0,0.0,-25.609368733610037,-15.625627445513883,0.24585,-0.450317,-0.854309,0.083374,0.0,0.0,-25.609368733610037,-15.625627445513883
1.3457,0.139221,0.908142,0.354309,-0.174194,0.0,0.0,-26.542771559433774,-13.98146193871419,0.24585,-0.450317,-0.854309,0.083374,0.0,0.0,-26.542771559433774,-13.98146193871419
1.3657,0.139221,0.908142,0.354309,-0.174194,0.0,0.0,-27.370975500191065,-12.281274370680777,0.24585,-0.450317,-0.854309,0.083374,0.0,0.0,-27.370975500191065,-12.281274370680777
1.3858,0.139221,0.908142,0.354309,-0.174194,0.0,0.0,-28.09110257072148,-10.530430017867513,0.24585,-0.450317,-0.854309,0.083374,0.0,0.0,-28.09110257072148,-10.530430017867513
1.4059,0.139221,0.908142,0.35437,-0.174194,0.0,0.0,-28.698643406806966,-8.740015252214093,0.24585,-0.450317,-0.854309,0.083374,0.0,0.0,-28.698643406806966,-8.740015252214093
1.426,0.139221,0.908142,0.354309,-0.174133,0.0,0.0,-29.192383156053623,-6.914099049779124,0.24585,-0.450317,-0.854309,0.083374,0.0,0.0,-29.192383156053623,-6.914099049779124
1.446,0.139221,0.908142,0.354309,-0.174194,0.0,0.0,-29.569999294358094,-5.06114035881853,0.24585,-0.450317,-0.854309,0.083374,0.0,0.0,-29.569999294358094,-5.06114035881853
1.4661,0.139221,0.908142,0.35437,-0.174133,0.0,0.0,-29.83007456911832,-3.18851865304885,0.24585,-0.450317,-0.854309,0.083374,0.0,0.0,-29.83007456911832,-3.18851865304885
1.4862,0.139282,0.908142,0.35437,-0.174133,0.0,0.0,-29.971702109686913,-1.3027174091832556,0.24585,-0.450317,-0.854309,0.083374,0.0,0.0,-29.971702109686913,-1.3027174091832556
1.5062,0.139282,0.908142,0.35437,-0.174133,0.0,0.0,-29.994235905255714,0.5880582112928341,0.24585,-0.450317,-0.854309,0.083374,0.0,0.0,-29.994235905255714,0.5880582112928341
1.5263,0.139282,0.908142,0.35437,-0.174133,0.0,0.0,-29.89764687644828,2.4760273122892325,0.24585,-0.450317,-0.854309,0.083374,0.0,0.0,-29.89764687644828,2.4760273122892325
1.5464,0.139282,0.908142,0.35437,-0.174133,0.0,0.0,-29.682309697396896,4.354364595187015,0.245911,-0.450317,-0.854309,0.083374,0.0,0.0,-29.682309697396896,4.354364595187015
1.5664,0.139282,0.908142,0.35437,-0.174133,0.0,0.0,-29.349102205706423,6.215319759996139,0.245911,-0.450317,-0.854309,0.083374,0.0,0.0,-29.349102205706423,6.215319759996139
1.5865,0.139282,0.908142,0.35437,-0.174133,0.0,0.0,-28.899074885104103,8.052544367164037,0.245911,-0.450317,-0.854309,0.083374,0.0,0.0,-28.899074885104103,8.052544367164037
1.6066,0.139282,0.908142,0.35437,-0.174133,0.0,0.0,-28.33446300679911,9.856886228233172,0.245911,-0.450317,-0.854309,0.083374,0.0,0.0,-28.33446300679911,9.856886228233172
1.6266,0.139343,0.908142,0.35437,-0.174133,0.0,0.0,-27.657318097220422,11.622080522400614,0.245911,-0.450317,-0.854309,0.083374,0.0,0.0,-27.657318097220422,11.622080522400614
1.6468,0.139343,0.908142,0.35437,-0.174133,0.0,0.0,-26.867850853007383,13.346107692527825,0.245911,-0.450317,-0.854309,0.083374,0.0,0.0,-26.867850853007383,13.346107692527825
1.6668,0.139343,0.908142,0.35437,-0.174072,0.0,0.0,-25.97313754241388,15.013198400169452,0.245911,-0.450317,-0.854309,0.083374,0.0,0.0,-25.97313754241388,15.013198400169452
1.6869,0.139343,0.908142,0.354431,-0.174072,0.0,0.0,-24.975602926002345,16.619845320659973,0.245911,-0.450317,-0.854309,0.083374,0.0,0.0,-24.975602926002345,16.619845320659973
1.707,0.139343,0.908142,0.354431,-0.174072,0.0,0.0,-23.87912035149798,18.16005537542975,0.245911,-0.450317,-0.854309,0.083374,0.0,0.0,-23.87912035149798,18.16005537542975
1.727,0.139343,0.908142,0.354431,-0.174072,0.0,0.0,-22.687826715663597,19.628105331896435,0.245911,-0.450317,-0.854309,0.083374,0.0,0.0,-22.687826715663597,19.628105331896435
1.7471,0.139404,0.908142,0.35437,-0.174072,0.0,0.0,-21.40653854594891,21.01809000553579,0.245911,-0.450317,-0.854309,0.083374,0.0,0.0,-21.40653854594891,21.01809000553579
1.7671,0.139404,0.908142,0.35437,-0.174072,0.0,0.0,-20.040181532583688,22.324675230360953,0.245911,-0.450317,-0.854309,0.083374,0.0,0.0,-20.040181532583688,22.324675230360953
1.7872,0.139404,0.908142,0.35437,-0.174072,0.0,0.0,-18.593552860446486,23.54314745368134,0.245911,-0.450317,-0.854309,0.083374,0.0,0.0,-18.593552860446486,23.54314745368134
1.8073,0.139404,0.908142,0.354431,-0.174072,0.0,0.0,-17.073755754800864,24.667526516158937,0.245911,-0.450317,-0.854309,0.083374,0.0,0.0,-17.073755754800864,24.667526516158937
1.8273,0.139404,0.908142,0.354431,-0.174072,0.0,0.0,-15.486041178529277,25.694017370136876,0.245911,-0.450317,-0.854309,0.083374,0.0,0.0,-15.486041178529277,25.694017370136876
1.8474,0.139404,0.908142,0.35437,-0.174072,0.0,0.0,-13.836761033690086,26.61849064271969,0.245911,-0.450317,-0.854309,0.083374,0.0,0.0,-13.836761033690086,26.61849064271969
1.8675,0.139404,0.908142,0.35437,-0.174072,0.0,0.0,-12.132727154065469,27.43714511032448,0.245911,-0.450317,-0.854309,0.083374,0.0,0.0,-12.132727154065469,27.43714511032448
1.8875,0.139404,0.908142,0.35437,-0.174072,0.0,0.0,-10.38049277393326,28.146853638911747,0.245911,-0.450317,-0.854309,0.083374,0.0,0.0,-10.38049277393326,28.146853638911747
1.9076,0.139404,0.908081,0.354431,-0.174072,0.0,0.0,-8.586928519445307,28.74481968289133,0.245911,-0.450317,-0.854309,0.083374,0.0,0.0,-8.586928519445307,28.74481968289133
1.9277,0.139404,0.908081,0.354431,-0.174011,0.0,0.0,-6.759391812451864,29.228592547807683,0.245911,-0.450317,-0.854309,0.083374,0.0,0.0,-6.759391812451864,29.228592547807683
1.9477,0.139404,0.908142,0.354431,-0.174011,0.0,0.0,-4.904969024700172,29.59630515565637,0.245911,-0.450317,-0.854309,0.083374,0.0,0.0,-4.904969024700172,29.59630515565637
1.9678,0.139404,0.908142,0.354431,-0.174011,0.0,0.0,-3.0310898898081446,29.846482105600032,0.245911,-0.450317,-0.854309,0.083374,0.0,0.0,-3.0310898898081446,29.846482105600032
1.9881,0.139404,0.908142,0.354431,-0.174011,0.0,0.0,-1.1235503805139757,29.97895319290597,0.245911,-0.450317,-0.854309,0.083374,0.0,0.0,-1.1235503805139757,29.97895319290597
2.0081,0.139404,0.908142,0.354431,-0.174011,0.0,0.0,0.7671015209826175,29.990190983995188,0.245911,-0.450317,-0.854309,0.083374,0.0,0.0,0.7671015209826175,29.990190983995188
2.0282,0.139465,0.908142,0.354431,-0.174011,0.0,0.0,2.654549912291802,29.882325290431325,0.24585,-0.450317,-0.854309,0.083374,0.0,0.0,2.654549912291802,29.882325290431325
2.0483,0.139465,0.908142,0.354431,-0.17395,0.0,0.0,4.531456506506315,29.655790360899868,0.24585,-0.450317,-0.854309,0.083374,0.0,0.0,4.531456506506315,29.655790360899868
2.0683,0.139465,0.908142,0.354431,-0.174011,0.0,0.0,6.39049942610395,29.311457095903048,0.24585,-0.450317,-0.854309,0.083374,0.0,0.0,6.39049942610395,29.311457095903048
2.0884,0.139404,0.908142,0.35437,-0.17395,0.0,0.0,8.224009392472958,28.85074816209307,0.24585,-0.450317,-0.854309,0.083374,0.0,0.0,8.224009392472958,28.85074816209307
2.1085,0.139465,0.908142,0.354431,-0.17395,0.0,0.0,10.02479726231507,28.275491858665877,0.24585,-0.450317,-0.854309,0.083374,0.0,0.0,10.02479726231507,28.275491858665877
2.1285,0.139404,0.908142,0.354431,-0.17395,0.0,0.0,11.785860912675574,27.58792276607766,0.24585,-0.450317,-0.854309,0.083374,0.0,0.0,11.785860912675574,27.58792276607766
2.1486,0.139465,0.908142,0.354431,-0.17395,0.0,0.0,13.500100270234766,26.790806122504176,0.24585,-0.450317,-0.854309,0.083374,0.0,0.0,13.500100270234766,26.790806122504176
2.1686,0.139404,0.908142,0.354431,-0.174011,0.0,0.0,15.160612716969403,25.88736800151892,0.24585,-0.450317,-0.854309,0.083374,0.0,0.0,15.160612716969403,25.88736800151892
2.1887,0.139465,0.908142,0.354431,-0.17395,0.0,0.0,16.761562704190286,24.88071573957424,0.24585,-0.450317,-0.854309,0.083374,0.0,0.0,16.761562704190286,24.88071573957424
2.2088,0.139404,0.908142,0.354431,-0.17395,0.0,0.0,18.295460956939145,23.775535921890704,0.24585,-0.450317,-0.854309,0.083374,0.0,0.0,18.295460956939145,23.775535921890704
2.2288,0.139465,0.908142,0.354431,-0.17395,0.0,0.0,19.756700488398177,22.575933774967694,0.24585,-0.450317,-0.854309,0.083374,0.0,0.0,19.756700488398177,22.575933774967694
2.2489,0.139465,0.908142,0.354431,-0.17395,0.0,0.0,21.139446233638367,21.286705074649593,0.24585,-0.450317,-0.854309,0.083374,0.0,0.0,21.139446233638367,21.286705074649593
2.269,0.139465,0.908142,0.354431,-0.174011,0.0,0.0,22.438257538969573,19.9129254157915,0.24585,-0.450317,-0.854309,0.083374,0.0,0.0,22.438257538969573,19.9129254157915
2.2891,0.139404,0.908142,0.354431,-0.174011,0.0,0.0,23.651360512219924,18.45570767868315,0.24585,-0.450317,-0.854309,0.083374,0.0,0.0,23.651360512219924,18.45570767868315
2.3091,0.139404,0.908142,0.354431,-0.174011,0.0,0.0,24.76694389648431,16.929220006497598,0.24585,-0.450317,-0.854309,0.083374,0.0,0.0,24.76694389648431,16.929220006497598
2.3292,0.139404,0.908142,0.354431,-0.174011,0.0,0.0,25.78405260280554,15.335665338541943,0.24585,-0.450317,-0.854309,0.083374,0.0,0.0,25.78405260280554,15.335665338541943
2.3493,0.139404,0.908142,0.354431,-0.174011,0.0,0.0,26.69988895400512,13.67903248931719,0.24585,-0.450317,-0.854309,0.083374,0.0,0.0,26.69988895400512,13.67903248931719
2.3694,0.139404,0.908142,0.354431,-0.174011,0.0,0.0,27.50911969476613,11.968639589319677,0.24585,-0.450317,-0.854309,0.083374,0.0,0.0,27.50911969476613,11.968639589319677
2.3894,0.139404,0.908142,0.354431,-0.174011,0.0,0.0,28.208587279173685,10.211542670588045,0.24585,-0.450317,-0.854309,0.083374,0.0,0.0,28.208587279173685,10.211542670588045
2.4095,0.139404,0.908142,0.354431,-0.174011,0.0,0.0,28.795776078282238,8.414468494767117,0.24585,-0.450317,-0.854309,0.083374,0.0,0.0,28.795776078282238,8.414468494767117
2.4296,0.139404,0.908142,0.354431,-0.174011,0.0,0.0,29.268639651405692,6.583823581792151,0.24585,-0.450317,-0.854309,0.083374,0.0,0.0,29.268639651405692,6.583823581792151
2.4496,0.139404,0.908142,0.354431,-0.174011,0.0,0.0,29.625221427323012,4.7271826051128505,0.24585,-0.450317,-0.854309,0.083374,0.0,0.0,29.625221427323012,4.7271826051128505
2.4697,0.139404,0.908142,0.354431,-0.174011,0.0,0.0,29.864149392171946,2.8517680624545987,0.24585,-0.450317,-0.854309,0.083374,0.0,0.0,29.864149392171946,2.8517680624545987
2.4898,0.139404,0.908142,0.354431,-0.174011,0.0,0.0,29.98447394293799,0.9650504470093616,0.24585,-0.450317,-0.854309,0.083374,0.0,0.0,29.98447394293799,0.9650504470093616
2.5099,0.139404,0.908142,0.354431,-0.174011,0.0,0.0,29.98562216818344,-0.9286889613567512,0.24585,-0.450317,-0.854309,0.083374,0.0,0.0,29.98562216818344,-0.9286889613567512
2.53,0.139343,0.908142,0.354431,-0.174072,0.0,0.0,29.867296565716018,-2.818615946802297,0.24585,-0.450317,-0.854309,0.083374,0.0,0.0,29.867296565716018,-2.818615946802297
2.55,0.139343,0.908142,0.354431,-0.174072,0.0,0.0,29.630024961713705,-4.696979962510251,0.24585,-0.450317,-0.854309,0.083374,0.0,0.0,29.630024961713705,-4.696979962510251
2.5701,0.139343,0.908081,0.354431,-0.174072,0.0,0.0,29.27529677292361,-6.554158897772354,0.24585,-0.450317,-0.854309,0.083374,0.0,0.0,29.27529677292361,-6.554158897772354
2.5902,0.139343,0.908081,0.354431,-0.174072,0.0,0.0,28.804194434949817,-8.385605699864856,0.24585,-0.450317,-0.854309,0.083374,0.0,0.0,28.804194434949817,-8.385605699864856
2.6102,0.139343,0.908081,0.354431,-0.174072,0.0,0.0,28.218433161547313,-10.184303113482377,0.24585,-0.450317,-0.854309,0.083374,0.0,0.0,28.218433161547313,-10.184303113482377
2.6303,0.139343,0.908081,0.354431,-0.174072,0.0,0.0,27.520868069160564,-11.941600425397699,0.24585,-0.450317,-0.854309,0.083374,0.0,0.0,27.520868069160564,-11.941600425397699
2.6504,0.139343,0.908081,0.354431,-0.174072,0.0,0.0,26.714044550442726,-13.651367102124286,0.24585,-0.450317,-0.854309,0.083374,0.0,0.0,26.714044550442726,-13.651367102124286
2.6704,0.139343,0.908081,0.354431,-0.174072,0.0,0.0,25.801128688816313,-15.306918644297411,0.24585,-0.450317,-0.854309,0.083374,0.0,0.0,25.801128688816313,-15.306918644297411
2.6905,0.139343,0.908081,0.354431,-0.174072,0.0,0.0,24.784961123023397,-16.902831186822485,0.245911,-0.450317,-0.854309,0.083374,0.0,0.0,24.784961123023397,-16.902831186822485
2.7106,0.139343,0.908081,0.354431,-0.174072,0.0,0.0,23.670148312745354,-18.431605433402652,0.245911,-0.450317,-0.854309,0.083374,0.0,0.0,23.670148312745354,-18.431605433402652
2.7307,0.139343,0.908081,0.354431,-0.174072,0.0,0.0,22.46112242639438,-19.88713099837489,0.245911,-0.450317,-0.854309,0.083374,0.0,0.0,22.46112242639438,-19.88713099837489
2.7508,0.139343,0.908081,0.354431,-0.174133,0.0,0.0,21.162823375988108,-21.263464128799225,0.245911,-0.450317,-0.854309,0.083374,0.0,0.0,21.162823375988108,-21.263464128799225
2.7709,0.139343,0.908081,0.354431,-0.174072,0.0,0.0,19.77666310200988,-22.558448451735348,0.245911,-0.450317,-0.854309,0.083374,0.0,0.0,19.77666310200988,-22.558448451735348
2.791,0.139343,0.908081,0.354431,-0.174133,0.0,0.0,18.315257338805427,-23.760289320909667,0.245911,-0.450317,-0.854309,0.083374,0.0,0.0,18.315257338805427,-23.760289320909667
2.811,0.139343,0.908081,0.354431,-0.174133,0.0,0.0,16.781292959308725,-24.867412543605244,0.245911,-0.450317,-0.854248,0.083374,0.0,0.0,16.781292959308725,-24.867412543605244
2.8311,0.139343,0.908081,0.354431,-0.174133,0.0,0.0,15.180521762128809,-25.875698232695743,0.245911,-0.450317,-0.854248,0.083374,0.0,0.0,15.180521762128809,-25.875698232695743
2.8512,0.139343,0.908081,0.354431,-0.174194,0.0,0.0,13.51944103889749,-26.781051398251233,0.245911,-0.450317,-0.854248,0.083374,0.0,0.0,13.51944103889749,-26.781051398251233
2.8713,0.139343,0.908081,0.354431,-0.174194,0.0,0.0,11.804620863183501,-27.579900766255356,0.245911,-0.450317,-0.854248,0.083374,0.0,0.0,11.804620863183501,-27.579900766255356
2.8913,0.139282,0.908081,0.354431,-0.174194,0.0,0.0,10.043072420063925,-28.269005931679864,0.245911,-0.450317,-0.854248,0.083435,0.0,0.0,10.043072420063925,-28.269005931679864
2.9114,0.139282,0.908081,0.354431,-0.174255,0.0,0.0,8.241511666717761,-28.845753334717315,0.245911,-0.450317,-0.854248,0.083435,0.0,0.0,8.241511666717761,-28.845753334717315
2.9315,0.139343,0.908081,0.354492,-0.174255,0.0,0.0,6.4073156684912655,-29.30778575608035,0.245911,-0.450317,-0.854248,0.083435,0.0,0.0,6.4073156684912655,-29.30778575608035
2.9516,0.139343,0.908081,0.354431,-0.174255,0.0,0.0,4.547559975364156,-29.65332524811452,0.245911,-0.450317,-0.854248,0.083435,0.0,0.0,4.547559975364156,-29.65332524811452
2.9716,0.139343,0.908081,0.354492,-0.174255,0.0,0.0,2.669814281392277,-29.880965374346154,0.245911,-0.450317,-0.854248,0.083374,0.0,0.0,2.669814281392277,-29.880965374346154
2.9917,0.139343,0.908081,0.354492,-0.174255,0.0,0.0,0.7789844269223072,-29.989884682382698,0.245911,-0.450317,-0.854248,0.083374,0.0,0.0,0.7789844269223072,-29.989884682382698
3.0118,0.139343,0.908081,0.354492,-0.174255,0.0,0.0,-1.1134008111986078,-29.97933185769193,0.245911,-0.450317,-0.854248,0.083374,0.0,0.0,-1.1134008111986078,-29.97933185769193
3.0319,0.139343,0.908081,0.354492,-0.174255,0.0,0.0,-3.0010202971769306,-29.849520551860326,0.245911,-0.450317,-0.854248,0.083374,0.0,0.0,-3.0010202971769306,-29.849520551860326
3.052,0.139343,0.908081,0.354492,-0.174255,0.0,0.0,-4.87725681817758,-29.60088454640402,0.245911,-0.450317,-0.854248,0.083374,0.0,0.0,-4.87725681817758,-29.60088454640402
3.0721,0.139343,0.90802,0.354492,-0.174255,0.0,0.0,-6.7334901849388995,-29.234570459121365,0.245911,-0.450317,-0.854248,0.083374,0.0,0.0,-6.7334901849388995,-29.234570459121365
3.0921,0.139343,0.90802,0.354492,-0.174255,0.0,0.0,-8.562660844137648,-28.75205800057227,0.245911,-0.450317,-0.854248,0.083435,0.0,0.0,-8.562660844137648,-28.75205800057227
3.1122,0.139343,0.90802,0.354492,-0.174255,0.0,0.0,-10.357636045163904,-28.155272606670344,0.245911,-0.450317,-0.854248,0.083435,0.0,0.0,-10.357636045163904,-28.155272606670344
3.1323,0.139343,0.90802,0.354553,-0.174255,0.0,0.0,-12.11135063549432,-27.446587871429692,0.245911,-0.450317,-0.854248,0.083435,0.0,0.0,-12.11135063549432,-27.446587871429692
3.1524,0.139343,0.90802,0.354553,-0.174255,0.0,0.0,-13.816979093332243,-26.628764311068203,0.245911,-0.450317,-0.854248,0.083435,0.0,0.0,-13.816979093332243,-26.628764311068203
3.1724,0.139343,0.90802,0.354553,-0.174255,0.0,0.0,-15.467658071183035,-25.70508809152317,0.245972,-0.450317,-0.854248,0.083435,0.0,0.0,-15.467658071183035,-25.70508809152317
3.1925,0.139343,0.90802,0.354553,-0.174255,0.0,0.0,-17.057067730108216,-24.679068873247648,0.245972,-0.450317,-0.854248,0.083435,0.0,0.0,-17.057067730108216,-24.679068873247648
3.2126,0.139343,0.90802,0.354553,-0.174255,0.0,0.0,-18.578471851808445,-23.555050066844718,0.245972,-0.450256,-0.854248,0.083435,0.0,0.0,-18.578471851808445,-23.555050066844718
3.2327,0.139343,0.90802,0.354553,-0.174194,0.0,0.0,-20.026968043492133,-22.336529519711537,0.245972,-0.450256,-0.854248,0.083435,0.0,0.0,-20.026968043492133,-22.336529519711537
3.2527,0.139343,0.90802,0.354553,-0.174194,0.0,0.0,-21.39505882143768,-21.029775510623544,0.245972,-0.450317,-0.854248,0.083435,0.0,0.0,-21.39505882143768,-21.029775510623544
3.2728,0.139343,0.90802,0.354553,-0.174194,0.0,0.0,-22.677944281708363,-19.63952247779286,0.245972,-0.450317,-0.854248,0.083435,0.0,0.0,-22.677944281708363,-19.63952247779286
3.2929,0.139343,0.90802,0.354553,-0.174194,0.0,0.0,-23.870738893829053,-18.17107109288379,0.245972,-0.450256,-0.854309,0.083435,0.0,0.0,-23.870738893829053,-18.17107109288379
3.313,0.139343,0.90802,0.354553,-0.174194,0.0,0.0,-24.968604657684306,-16.630357225515798,0.245972,-0.450256,-0.854309,0.083435,0.0,0.0,-24.968604657684306,-16.630357225515798
3.333,0.139343,0.90802,0.354553,-0.174194,0.0,0.0,-25.96727686956354,-15.023332918478186,0.245972,-0.450256,-0.854248,0.083435,0.0,0.0,-25.96727686956354,-15.023332918478186
3.3531,0.139343,0.90802,0.354553,-0.174194,0.0,0.0,-26.862530623429507,-13.356812812393226,0.245972,-0.450256,-0.854248,0.083435,0.0,0.0,-26.862530623429507,-13.356812812393226
3.3733,0.139343,0.90802,0.354553,-0.174194,0.0,0.0,-27.652902616542633,-11.632582554188449,0.245972,-0.450256,-0.854309,0.083496,0.0,0.0,-27.652902616542633,-11.632582554188449
3.3934,0.139343,0.90802,0.354553,-0.174194,0.0,0.0,-28.331922332736717,-9.864186582368287,0.245911,-0.450256,-0.854309,0.083435,0.0,0.0,-28.331922332736717,-9.864186582368287
3.4135,0.139343,0.90802,0.354553,-0.174255,0.0,0.0,-28.898218253059103,-8.055618027101442,0.245911,-0.450317,-0.854309,0.083435,0.0,0.0,-28.898218253059103,-8.055618027101442
3.4336,0.139282,0.90802,0.354553,-0.174255,0.0,0.0,-29.348906665985492,-6.216243038304756,0.245911,-0.450317,-0.854248,0.083435,0.0,0.0,-29.348906665985492,-6.216243038304756
3.4537,0.139282,0.90802,0.354553,-0.174194,0.0,0.0,-29.68326785290946,-4.347828144307427,0.245911,-0.450317,-0.854309,0.083435,0.0,0.0,-29.68326785290946,-4.347828144307427
3.4738,0.139282,0.90802,0.354553,-0.174194,0.0,0.0,-29.898775049097242,-2.462366862082115,0.245911,-0.450317,-0.854248,0.083435,0.0,0.0,-29.898775049097242,-2.462366862082115
3.4939,0.139282,0.90802,0.354553,-0.174255,0.0,0.0,-29.99457862069109,-0.5703098869744879,0.245911,-0.450317,-0.854248,0.083435,0.0,0.0,-29.99457862069109,-0.5703098869744879
3.514,0.139282,0.90802,0.354492,-0.174255,0.0,0.0,-29.970784413061594,1.323662217404482,0.245911,-0.450256,-0.854309,0.083435,0.0,0.0,-29.970784413061594,1.323662217404482
3.5342,0.139282,0.90802,0.354492,-0.174255,0.0,0.0,-29.827242380905812,3.2149046565483443,0.245911,-0.450256,-0.854309,0.083435,0.0,0.0,-29.827242380905812,3.2149046565483443
3.5543,0.139343,0.90802,0.354553,-0.174194,0.0,0.0,-29.56446984136417,5.093341044841646,0.245911,-0.450256,-0.854309,0.083435,0.0,0.0,-29.56446984136417,5.093341044841646
3.5744,0.139343,0.90802,0.354553,-0.174194,0.0,0.0,-29.184752689103124,6.946237145094311,0.245911,-0.450256,-0.854309,0.083435,0.0,0.0,-29.184752689103124,6.946237145094311
3.5945,0.139343,0.90802,0.354553,-0.174194,0.0,0.0,-28.688260293971258,8.774036773649414,0.245911,-0.450256,-0.854309,0.083496,0.0,0.0,-28.688260293971258,8.774036773649414
3.6145,0.139343,0.908081,0.354492,-0.174194,0.0,0.0,-28.078407108188323,10.564234674922714,0.245911,-0.450256,-0.854309,0.083496,0.0,0.0,-28.078407108188323,10.564234674922714
3.6346,0.139404,0.908081,0.354492,-0.174194,0.0,0.0,-27.357233731713226,12.311854553576083,0.245911,-0.450256,-0.854309,0.083435,0.0,0.0,-27.357233731713226,12.311854553576083
3.6547,0.139404,0.908081,0.354492,-0.174194,0.0,0.0,-26.527287715808267,14.010817479459496,0.245911,-0.450256,-0.854309,0.083435,0.0,0.0,-26.527287715808267,14.010817479459496
3.6747,0.139404,0.908081,0.354492,-0.174194,0.0,0.0,-25.592031356352642,15.654006869024396,0.245911,-0.450256,-0.854309,0.083374,0.0,0.0,-25.592031356352642,15.654006869024396
3.6948,0.139404,0.908081,0.354492,-0.174133,0.0,0.0,-24.55522740942902,17.23487182636488,0.245911,-0.450256,-0.854309,0.083374,0.0,0.0,-24.55522740942902,17.23487182636488
3.7149,0.139404,0.908081,0.354492,-0.174133,0.0,0.0,-23.420909294937534,18.74729334592886,0.245911,-0.450256,-0.854309,0.083374,0.0,0.0,-23.420909294937534,18.74729334592886
3.7349,0.139404,0.908081,0.354492,-0.174194,0.0,0.0,-22.193536280493532,20.185315141617615,0.245911,-0.450256,-0.854309,0.083374,0.0,0.0,-22.193536280493532,20.185315141617615
3.755,0.139404,0.908081,0.354492,-0.174194,0.0,0.0,-20.878021607084097,21.54317093127494,0.245911,-0.450195,-0.854309,0.083374,0.0,0.0,-20.878021607084097,21.54317093127494
3.7751,0.139404,0.908081,0.354492,-0.174194,0.0,0.0,-19.47895753857988,22.81600782806234,0.245911,-0.450195,-0.854309,0.083374,0.0,0.0,-19.47895753857988,22.81600782806234
3.7951,0.139404,0.908081,0.354492,-0.174194,0.0,0.0,-18.002896138946223,23.99782762273109,0.245911,-0.450195,-0.854309,0.083374,0.0,0.0,-18.002896138946223,23.99782762273109
3.8152,0.139404,0.908081,0.354492,-0.174194,0.0,0.0,-16.454881990119,25.08459405075668,0.245911,-0.450195,-0.854309,0.083374,0.0,0.0,-16.454881990119,25.08459405075668
3.8353,0.139343,0.908081,0.354492,-0.174194,0.0,0.0,-14.841305123262925,26.071740682935033,0.245911,-0.450195,-0.85437,0.083374,0.0,0.0,-14.841305123262925,26.071740682935033
3.8553,0.139343,0.908081,0.354492,-0.174194,0.0,0.0,-13.16961270562946,26.954801078541152,0.245911,-0.450195,-0.854309,0.083374,0.0,0.0,-13.16961270562946,26.954801078541152
3.8754,0.139343,0.908081,0.354492,-0.174194,0.0,0.0,-11.445575612008206,27.730827591505506,0.245911,-0.450195,-0.854309,0.083374,0.0,0.0,-11.445575612008206,27.730827591505506
3.8955,0.139343,0.908081,0.354492,-0.174194,0.0,0.0,-9.676229126203625,28.39666511929189,0.245911,-0.450195,-0.854309,0.083374,0.0,0.0,-9.676229126203625,28.39666511929189
3.9155,0.139343,0.908081,0.354492,-0.174194,0.0,0.0,-7.868414681018786,28.94975043774174,0.245911,-0.450195,-0.854309,0.083374,0.0,0.0,-7.868414681018786,28.94975043774174
3.9356,0.139343,0.908081,0.354492,-0.174194,0.0,0.0,-6.029331031813667,29.387874494573587,0.245911,-0.450195,-0.854309,0.083374,0.0,0.0,-6.029331031813667,29.387874494573587
3.9557,0.139343,0.908081,0.354492,-0.174194,0.0,0.0,-4.1663697822093075,29.70928075261825,0.245911,-0.450195,-0.854309,0.083374,0.0,0.0,-4.1663697822093075,29.70928075261825
3.9757,0.139343,0.908081,0.354492,-0.174194,0.0,0.0,-2.286751729839779,29.91271914296784,0.245911,-0.450195,-0.854309,0.083374,0.0,0.0,-2.286751729839779,29.91271914296784
3.9958,0.139343,0.908081,0.354492,-0.174194,0.0,0.0,-0.39704075973244035,29.997372528858442,0.245911,-0.450195,-0.854309,0.083374,0.0,0.0,-0.39704075973244035,29.997372528858442
4.0159,0.139343,0.908081,0.354492,-0.174194,0.0,0.0,1.4991411965123136,29.96251951476911,0.245911,-0.450195,-0.854309,0.083374,0.0,0.0,1.4991411965123136,29.96251951476911
4.036,0.139343,0.908081,0.354492,-0.174194,0.0,0.0,3.3843531811876595,29.808491299376172,0.245911,-0.450195,-0.854309,0.083435,0.0,0.0,3.3843531811876595,29.808491299376172
4.0561,0.139343,0.908081,0.354492,-0.174194,0.0,0.0,5.255403493106843,29.536092059117102,0.245911,-0.450195,-0.854309,0.083435,0.0,0.0,5.255403493106843,29.536092059117102
4.0761,0.139343,0.908081,0.354492,-0.174194,0.0,0.0,7.1053596851159915,29.14642111383709,0.245911,-0.450195,-0.854309,0.083435,0.0,0.0,7.1053596851159915,29.14642111383709
4.0962,0.139343,0.908081,0.354492,-0.174194,0.0,0.0,8.926926652281635,28.641054110224083,0.245911,-0.450195,-0.854309,0.083435,0.0,0.0,8.926926652281635,28.641054110224083
4.1162,0.139343,0.908081,0.354492,-0.174194,0.0,0.0,10.713090718837401,28.021950097199873,0.245911,-0.450195,-0.854309,0.083435,0.0,0.0,10.713090718837401,28.021950097199873
4.1363,0.139343,0.908081,0.354492,-0.174194,0.0,0.0,12.456879351878987,27.291503381322382,0.245911,-0.450195,-0.854309,0.083435,0.0,0.0,12.456879351878987,27.291503381322382
4.1564,0.139343,0.908081,0.354492,-0.174194,0.0,0.0,14.151076591279413,26.452732019731798,0.245911,-0.450195,-0.854309,0.083435,0.0,0.0,14.151076591279413,26.452732019731798
4.1764,0.139282,0.908081,0.354492,-0.174194,0.0,0.0,15.790188986816302,25.508232627146576,0.245911,-0.450195,-0.854309,0.083435,0.0,0.0,15.790188986816302,25.508232627146576
4.1965,0.139282,0.908081,0.354492,-0.174194,0.0,0.0,17.365578659214364,24.462965434113638,0.245911,-0.450195,-0.854309,0.083435,0.0,0.0,17.365578659214364,24.462965434113638
4.2166,0.139282,0.908081,0.354492,-0.174133,0.0,0.0,18.87189446951352,23.320626045017427,0.245911,-0.450195,-0.854309,0.083435,0.0,0.0,18.87189446951352,23.320626045017427
4.2366,0.139282,0.908081,0.354492,-0.174133,0.0,0.0,20.30411308100029,22.084904165378507,0.245911,-0.450195,-0.854309,0.083435,0.0,0.0,20.30411308100029,22.084904165378507
4.2567,0.139282,0.908081,0.354492,-0.174133,0.0,0.0,21.65543466936298,20.761554596921492,0.245911,-0.450195,-0.854309,0.083435,0.0,0.0,21.65543466936298,20.761554596921492
4.2768,0.139282,0.908081,0.354492,-0.174133,0.0,0.0,22.920129215934757,19.3563342791153,0.245911,-0.450195,-0.854309,0.083435,0.0,0.0,22.920129215934757,19.3563342791153
4.2968,0.139282,0.908081,0.354492,-0.174133,0.0,0.0,24.0938430908714,17.87419159325726,0.245972,-0.450195,-0.854309,0.083435,0.0,0.0,24.0938430908714,17.87419159325726
4.3169,0.139282,0.908081,0.354492,-0.174133,0.0,0.0,25.171856011096867,16.321080385703834,0.245972,-0.450195,-0.854309,0.083435,0.0,0.0,25.171856011096867,16.321080385703834
4.337,0.139282,0.908081,0.354492,-0.174133,0.0,0.0,26.14986820807104,14.70321028553001,0.245972,-0.450195,-0.854309,0.083435,0.0,0.0,26.14986820807104,14.70321028553001
4.357,0.139282,0.908081,0.354492,-0.174133,0.0,0.0,27.024006765997783,13.027012639561919,0.245972,-0.450195,-0.854309,0.083435,0.0,0.0,27.024006765997783,13.027012639561919
4.3771,0.139282,0.908081,0.354492,-0.174133,0.0,0.0,27.791074256656984,11.298503956762488,0.245972,-0.450195,-0.854309,0.083435,0.0,0.0,27.791074256656984,11.298503956762488
4.3972,0.139221,0.908081,0.354492,-0.174072,0.0,0.0,28.44757882592903,9.525505705344694,0.245972,-0.450195,-0.854309,0.083435,0.0,0.0,28.44757882592903,9.525505705344694
4.4172,0.139221,0.908081,0.354492,-0.174072,0.0,0.0,28.99105220158375,7.714848815436776,0.245972,-0.450195,-0.854309,0.083435,0.0,0.0,28.99105220158375,7.714848815436776
4.4373,0.139221,0.908081,0.354492,-0.174072,0.0,0.0,29.419417185524434,5.87349065412295,0.245972,-0.450195,-0.854309,0.083435,0.0,0.0,29.419417185524434,5.87349065412295
4.4573,0.139221,0.908142,0.354431,-0.174072,0.0,0.0,29.730945237278544,4.008852117245575,0.245972,-0.450195,-0.854309,0.083435,0.0,0.0,29.730945237278544,4.008852117245575
4.4774,0.139221,0.908142,0.354431,-0.174072,0.0,0.0,29.924421985218125,2.1281374134660904,0.245972,-0.450195,-0.854309,0.083435,0.0,0.0,29.924421985218125,2.1281374134660904
4.4975,0.139221,0.908142,0.354431,-0.174072,0.0,0.0,29.99904677149771,0.2391501651530513,0.245972,-0.450195,-0.854309,0.083435,0.0,0.0,29.99904677149771,0.2391501651530513
4.5175,0.139221,0.908142,0.354431,-0.174133,0.0,0.0,29.95454975977669,-1.6507418602138515,0.245972,-0.450195,-0.854309,0.083496,0.0,0.0,29.95454975977669,-1.6507418602138515
4.5376,0.139221,0.908142,0.354431,-0.174133,0.0,0.0,29.791113471451435,-3.53405689415223,0.245972,-0.450195,-0.854309,0.083496,0.0,0.0,29.791113471451435,-3.53405689415223
4.5576,0.139221,0.908142,0.354431,-0.174133,0.0,0.0,29.509342514339888,-5.403582549695389,0.245972,-0.450195,-0.854309,0.083496,0.0,0.0,29.509342514339888,-5.403582549695389
4.5777,0.139221,0.908142,0.354431,-0.174133,0.0,0.0,29.110413047211537,-7.251472417429187,0.245972,-0.450195,-0.854309,0.083496,0.0,0.0,29.110413047211537,-7.251472417429187
4.5978,0.139221,0.908142,0.354431,-0.174133,0.0,0.0,28.595847251947312,-9.07069567030541,0.245972,-0.450195,-0.854309,0.083496,0.0,0.0,28.595847251947312,-9.07069567030541
4.6178,0.139221,0.908142,0.354431,-0.174072,0.0,0.0,27.96777804840292,-10.85372705734172,0.245972,-0.450195,-0.854309,0.083496,0.0,0.0,27.96777804840292,-10.85372705734172
4.6379,0.139221,0.908142,0.354431,-0.174133,0.0,0.0,27.228637022321553,-12.593701834911766,0.245972,-0.450195,-0.854309,0.083496,0.0,0.0,27.228637022321553,-12.593701834911766
4.658,0.139221,0.908142,0.354431,-0.174133,0.0,0.0,26.38139424025536,-14.283628318470813,0.245972,-0.450195,-0.854309,0.083496,0.0,0.0,26.38139424025536,-14.283628318470813
4.678,0.139282,0.908142,0.354431,-0.174133,0.0,0.0,25.42934994144157,-15.916914322685344,0.245972,-0.450195,-0.854309,0.083496,0.0,0.0,25.42934994144157,-15.916914322685344
4.6981,0.139282,0.908081,0.354431,-0.174133,0.0,0.0,24.376374934977367,-17.486919254957606,0.245972,-0.450195,-0.854309,0.083496,0.0,0.0,24.376374934977367,-17.486919254957606
4.7181,0.139282,0.908081,0.354431,-0.174133,0.0,0.0,23.226593301112153,-18.98750546082165,0.245972,-0.450195,-0.854309,0.083496,0.0,0.0,23.226593301112153,-18.98750546082165
4.7382,0.139282,0.908081,0.354431,-0.174133,0.0,0.0,21.984597851103587,-20.412678837557102,0.245972,-0.450195,-0.854309,0.083496,0.0,0.0,21.984597851103587,-20.412678837557102
4.7583,0.139282,0.908081,0.354431,-0.174133,0.0,0.0,20.655258247588637,-21.75684505449771,0.245972,-0.450195,-0.854309,0.083496,0.0,0.0,20.655258247588637,-21.75684505449771
4.7783,0.139282,0.908081,0.354431,-0.174133,0.0,0.0,19.24391324135356,-23.014599782730464,0.245911,-0.450195,-0.854309,0.083496,0.0,0.0,19.24391324135356,-23.014599782730464
4.7984,0.139282,0.908081,0.354431,-0.174133,0.0,0.0,17.756007007197724,-24.18107142291973,0.245911,-0.450195,-0.854309,0.083496,0.0,0.0,17.756007007197724,-24.18107142291973
4.8185,0.139282,0.908081,0.354431,-0.174133,0.0,0.0,16.19771181249869,-25.25141841638288,0.245911,-0.450195,-0.854309,0.083496,0.0,0.0,16.19771181249869,-25.25141841638288
4.8385,0.139221,0.908142,0.354431,-0.174133,0.0,0.0,14.575114665717026,-26.2214803640298,0.245911,-0.450195,-0.854309,0.083496,0.0,0.0,14.575114665717026,-26.2214803640298
4.8586,0.139221,0.908142,0.354431,-0.174133,0.0,0.0,12.894620394155503,-27.08742817047475,0.245911,-0.450195,-0.854309,0.083496,0.0,0.0,12.894620394155503,-27.08742817047475
4.8786,0.139221,0.908142,0.354431,-0.174133,0.0,0.0,11.162983774581154,-27.845785915438586,0.245911,-0.450195,-0.854309,0.083496,0.0,0.0,11.162983774581154,-27.845785915438586
4.8987,0.139221,0.908142,0.354431,-0.174133,0.0,0.0,9.38700043414357,-28.4935821343928,0.245911,-0.450195,-0.854309,0.083496,0.0,0.0,9.38700043414357,-28.4935821343928
4.9188,0.139221,0.908142,0.354431,-0.174072,0.0,0.0,7.572786132329304,-29.028484462575737,0.245911,-0.450195,-0.854309,0.083496,0.0,0.0,7.572786132329304,-29.028484462575737
4.9388,0.139221,0.908142,0.354431,-0.174072,0.0,0.0,5.72919793393675,-29.447857155212073,0.245911,-0.450256,-0.854309,0.083496,0.0,0.0,5.72919793393675,-29.447857155212073
4.9589,0.13916,0.908142,0.354431,-0.174072,0.0,0.0,3.8629877560209733,-29.75024916865121,0.245911,-0.450256,-0.854309,0.083496,0.0,0.0,3.8629877560209733,-29.75024916865121
4.979,0.13916,0.908142,0.354431,-0.174072,0.0,0.0,1.9814364460789748,-29.934493642120454,0.245911,-0.450256,-0.854309,0.083496,0.0,0.0,1.9814364460789748,-29.934493642120454
4.999,0.13916,0.908142,0.354431,-0.174072,0.0,0.0,0.09118483084584451,-29.999861421790328,0.245911,-0.450256,-0.854309,0.083496,0.0,0.0,0.09118483084584451,-29.999861421790328
5.0191,0.13916,0.908142,0.354431,-0.174072,0.0,0.0,-1.7986666069049084,-29.946031430511876,0.245911,-0.450256,-0.854309,0.083496,0.0,0.0,-1.7986666069049084,-29.946031430511876
5.0392,0.13916,0.908142,0.354431,-0.174072,0.0,0.0,-3.6813521675072836,-29.773270667140174,0.245911,-0.450256,-0.854309,0.083496,0.0,0.0,-3.6813521675072836,-29.773270667140174
5.0592,0.13916,0.908142,0.354431,-0.174072,0.0,0.0,-5.54935098515445,-29.482277789268004,0.245911,-0.450256,-0.854309,0.083496,0.0,0.0,-5.54935098515445,-29.482277789268004
5.0793,0.13916,0.908142,0.354431,-0.174011,0.0,0.0,-7.395312118815438,-29.074204351371364,0.245911,-0.450256,-0.854309,0.083496,0.0,0.0,-7.395312118815438,-29.074204351371364
5.0993,0.13916,0.908142,0.354431,-0.174011,0.0,0.0,-9.211926238772588,-28.55066400228571,0.245911,-0.450256,-0.854309,0.083496,0.0,0.0,-9.211926238772588,-28.55066400228571
5.1194,0.13916,0.908142,0.354431,-0.174011,0.0,0.0,-10.991852380808286,-27.91378120639551,0.245911,-0.450256,-0.854309,0.083496,0.0,0.0,-10.991852380808286,-27.91378120639551
5.1395,0.13916,0.908142,0.354431,-0.174011,0.0,0.0,-12.733075920886716,-27.163740125265058,0.245911,-0.450256,-0.854309,0.083496,0.0,0.0,-12.733075920886716,-27.163740125265058
5.1596,0.139099,0.908142,0.354431,-0.174011,0.0,0.0,-14.421002856669466,-26.306551971095168,0.245911,-0.450256,-0.854309,0.083496,0.0,0.0,-14.421002856669466,-26.306551971095168
5.1797,0.139099,0.908142,0.354431,-0.174011,0.0,0.0,-16.051124584344006,-25.344849567079056,0.245911,-0.450256,-0.854309,0.083496,0.0,0.0,-16.051124584344006,-25.344849567079056
5.1998,0.139099,0.908142,0.354431,-0.174072,0.0,0.0,-17.61777814942601,-24.2819664170266,0.245911,-0.450256,-0.854309,0.083496,0.0,0.0,-17.61777814942601,-24.2819664170266
5.2199,0.139099,0.908142,0.354431,-0.174072,0.0,0.0,-19.114115508488766,-23.12251258683081,0.24585,-0.450256,-0.854309,0.083496,0.0,0.0,-19.114115508488766,-23.12251258683081
5.24,0.139099,0.908142,0.354431,-0.174072,0.0,0.0,-20.533465204672225,-21.871826779867177,0.24585,-0.450256,-0.854309,0.083496,0.0,0.0,-20.533465204672225,-21.871826779867177
5.26,0.139099,0.908142,0.354431,-0.174072,0.0,0.0,-21.87216513368721,-20.53310479115902,0.24585,-0.450256,-0.854309,0.083496,0.0,0.0,-21.87216513368721,-20.53310479115902
5.2802,0.139038,0.908142,0.354431,-0.174133,0.0,0.0,-23.129955538217228,-19.105108133692784,0.24585,-0.450256,-0.854309,0.083496,0.0,0.0,-23.129955538217228,-19.105108133692784
5.3003,0.139038,0.908142,0.354431,-0.174133,0.0,0.0,-24.288325288843346,-17.609010610006823,0.24585,-0.450256,-0.854309,0.083496,0.0,0.0,-24.288325288843346,-17.609010610006823
5.3204,0.139099,0.908142,0.354431,-0.174133,0.0,0.0,-25.350534627341112,-16.0421443114061,0.24585,-0.450256,-0.854309,0.083496,0.0,0.0,-25.350534627341112,-16.0421443114061
5.3405,0.139099,0.908142,0.354431,-0.174133,0.0,0.0,-26.310709467776192,-14.413416225942838,0.24585,-0.450256,-0.854309,0.083435,0.0,0.0,-26.310709467776192,-14.413416225942838
