Time,F_Q0,F_Q1,F_Q2,F_Q3,F_GX,F_GY,F_GZ,F_M1,F_M2,F_ACC,Cmd_F1,Cmd_F2,B_Q0,B_Q1,B_Q2,B_Q3,B_GX,B_GY,B_GZ,B_M1,B_M2,B_ACC,Cmd_B1,Cmd_B2
12.0979,0.025549132000355183,-0.39096047843722864,-0.919548141236374,0.0304690351486814,0.5781250000000001,-0.48632799999999987,0.021484,-0.027,-0.0135,1.9378,0.0,0.0,0.03435408285006179,0.7033090538258288,-0.707366433362171,0.061716292424530445,-0.970703,-0.23828100000000027,0.3554689999999999,-0.2164,-0.027,4.2467,0.0,0.0
12.118,0.02429841529011565,-0.3931742820406542,-0.9181552517077711,0.04259700362284598,0.783203,-0.18554699999999982,0.703125,-0.027,-0.0135,2.2058,0.0,-1.4835298641951802,0.04570566370673618,0.6977480065071727,-0.7133709613772412,0.04648207379306429,-1.097656,-0.03125000000000027,0.242188,-0.1758,-0.027,3.3452,0.0,0.0
12.1382,0.027404867944689208,-0.4012797580553409,-0.913992685706043,0.05330008877887162,1.400391,0.017578000000000312,1.126953,-0.027,-0.0135,1.4972,0.0,-1.4835298641951802,0.04570566370673618,0.6977480065071727,-0.7133709613772412,0.04648207379306429,-0.900391,0.16210899999999978,0.18359400000000003,-0.1352,-0.027,1.0842,0.0,0.0
12.1584,0.032843930968160524,-0.41035256000914655,-0.908835297685485,0.06745705577205857,1.623047,0.0039060000000003606,0.982422,-0.027,-0.0947,0.7252,0.0,-1.4835298641951802,0.055758783862967704,0.6949600537800561,-0.7158488270389904,0.038495954320498425,-0.880859,0.16601599999999977,0.16210900000000003,-0.0811,-0.0406,1.0846,0.0,0.0
12.1786,0.032843930968160524,-0.41035256000914655,-0.908835297685485,0.06745705577205857,1.746094,-0.3183589999999996,0.693359,-0.0406,-0.1893,6.6626,0.0,-1.4835298641951802,0.055758783862967704,0.6949600537800561,-0.7158488270389904,0.038495954320498425,-1.164062,0.24609399999999973,0.23242200000000002,-0.027,-0.0406,9.2127,0.0,0.0
12.1987,0.0520485604068009,-0.42290798829395015,-0.900151313491218,0.0903736334158299,1.0917969999999995,2.1171880000000005,-0.070312,-0.0406,-0.284,3.4653,0.0,-1.4835298641951802,0.07229200829912437,0.6905494083045706,-0.719121418470801,0.027924285538396366,-1.6035160000000004,2.4374999999999996,0.5761720000000004,0.0811,-0.0406,13.6704,0.0,0.0
12.2188,0.07880906090456594,-0.4255088232751728,-0.8964652656925384,0.09529638314818063,1.8945309999999995,2.2753910000000004,0.097656,-0.027,-0.3786,0.9839,0.0,-1.4835298641951802,0.11138959139580229,0.6819313889569448,-0.722153601059621,0.032497940866306925,-1.9472660000000004,2.2851559999999997,0.3671880000000003,0.1758,-0.027,4.619,0.0,0.0
12.2389,0.10383539232333931,-0.43109318851819756,-0.8913159482176918,0.09451325074860772,0.5214839999999994,2.478516,0.583984,-0.027,-0.4868,2.5374,0.0,-1.4835298641951802,0.1273601378840092,0.6792286128092124,-0.7220412032148732,0.032930042202484536,-2.5214840000000005,2.2968749999999996,0.1582030000000003,0.2569,-0.027,2.8041,0.0,0.0
12.259,0.10383539232333931,-0.43109318851819756,-0.8913159482176918,0.09451325074860772,0.3378909999999994,2.675781,0.882812,-0.027,-0.595,4.6646,0.0,-1.4835298641951802,0.17980222272915383,0.6716025589701736,-0.7181284073563072,0.030211819446433873,-2.6699220000000006,2.5292969999999997,-0.0839839999999997,0.2705,-0.027,1.9525,0.0,0.0
12.2791,0.15701246594053891,-0.45075436702588423,-0.8750956797597245,0.0798444576174917,0.7617189999999994,2.923828,1.048828,-0.0135,-0.7167,3.0246,1.7677425150087855,-1.4835298641951802,0.2308166819077925,0.6648714913293349,-0.7100157201856325,0.023393085727640702,-2.7089840000000005,2.3281249999999996,-0.17382799999999973,0.2434,-0.027,5.6361,0.0,-1.8082425150087855
12.2992,0.15701246594053891,-0.45075436702588423,-0.8750956797597245,0.0798444576174917,0.8632809999999992,3.333984,1.173828,0.0135,-0.8384,4.5177,1.568259170793049,-1.4835298641951802,0.24808138749315067,0.6623708697504394,-0.7065663111845296,0.022011451215365768,-2.5351560000000006,2.4960939999999994,-0.30859399999999965,0.2028,-0.027,3.8656,0.0,-1.581759170793049
12.3193,0.2251177848168369,-0.4739289407099953,-0.8488947285789593,0.06396156586198694,0.6679689999999991,3.921875,1.386719,0.1893,-0.9736,6.8744,1.529377626449735,-1.4835298641951802,0.2981406397306696,0.6553216553215399,-0.6936471642936084,0.022788121358724257,-1.3671880000000005,2.3671879999999996,-0.3652339999999997,0.1758,-0.1217,5.9133,0.0,-1.4617776264497349
12.3394,0.25764904037801006,-0.49458385562813456,-0.828535771847594,0.05032153130828572,-0.8027340000000007,3.587891,3.652344,0.2705,-1.1089,12.5706,1.4689734081905719,-1.4835298641951802,0.30914839399526906,0.6577864921524333,-0.6862720281345589,0.027837108902004182,1.0390619999999993,2.6992190000000003,-1.6953119999999997,0.1352,-0.2569,5.3423,0.0,-1.4553734081905718
12.3595,0.2787996706548348,-0.5278206031571113,-0.8018735228688364,0.025980913139085487,-1.761719000000001,3.9394529999999994,3.199219,0.4327,-1.2847,6.6086,1.5198137015772972,-1.4835298641951802,0.3198528284252599,0.6885627802278397,-0.6479061411225411,0.061588133020630556,3.4980469999999997,2.2246090000000014,-3.8222659999999995,0.0676,-0.4462,12.8394,0.0,-1.533313701577297
12.3796,0.2862304985672789,-0.5749627721562508,-0.7664157372985432,-0.009840220803244842,-4.941406000000001,3.0292969999999992,5.113281,0.622,-1.4199,3.6732,1.6592843753572928,-1.4835298641951802,0.30147072961691157,0.726506478513956,-0.6103210505238819,0.09387199342148374,6.462891,1.9160160000000017,-4.105469,0.0406,-0.6761,4.5088,0.0,-1.7133843753572928
12.3997,0.27418098325514595,-0.6310079213321125,-0.7237108864073599,-0.053817697208644655,-5.845703000000001,2.8710939999999985,5.501953,0.8384,-1.6227,6.6865,1.8803339297459163,-1.4835298641951802,0.25817353729212583,0.7728815360326824,-0.5650300313084574,0.12938941077768557,8.1875,0.08593800000000244,-5.078125,-0.027,-0.9331,7.0539,0.0,-1.9750339297459163
12.4198,0.24155997964374235,-0.6914038697945556,-0.673709053626,-0.09861833566831037,-8.826172,1.150390999999998,6.652344,1.0818,-1.501,10.0187,2.124870406030448,-1.4835298641951802,0.25817353729212583,0.7728815360326824,-0.5650300313084574,0.12938941077768557,8.1875,0.08593800000000244,-5.078125,-0.027,-0.9331,7.0539,0.0,-1.9761704060304477
12.4399,0.18847476212717013,-0.7436261023421114,-0.6244208941400023,-0.14695588085539987,-9.259766,0.9726559999999979,5.470703,1.3928,-1.5281,17.8178,2.5038954355630096,-1.4835298641951802,0.1458731545254753,0.844682489653572,-0.4839702997525556,0.17608311508731217,9.390625,-1.5292969999999972,-5.712891,-0.1623,-1.3793,37.7037,0.0,-2.4903954355630096
12.46,-0.09330905232186756,0.7782372926136722,0.5936910253977784,0.1821293592539959,-13.533202999999999,-4.570312000000003,1.517578,1.7309,-1.5416,7.5268,2.8028941906428173,-1.4835298641951802,0.08493287328664745,0.8625363649262268,-0.4608303263128998,0.19092625949688427,14.349609000000001,-5.0781249999999964,-2.9316410000000004,-0.2569,-1.7039,37.7037,0.0,-2.775894190642817
12.48,0.05028108953317087,0.788786448264315,0.5717799807327761,0.21989862369544455,-14.199218999999998,-6.2812500000000036,-1.251953,2.069,-1.5281,14.3006,3.1415147615138217,-1.4835298641951802,0.08493287328664745,0.8625363649262268,-0.4608303263128998,0.19092625949688427,14.349609000000001,-5.0781249999999964,-2.9316410000000004,-0.2975,-2.0149,37.7037,0.0,-3.0874147615138217
12.5001,0.18151962568098673,0.7663436814224353,0.5551319777028687,0.2675751759193017,-12.369141,-2.1367190000000025,-3.826172,2.3935,-1.4875,16.0368,3.468765414431105,-1.4835298641951802,0.08493287328664745,0.8625363649262268,-0.4608303263128998,0.19092625949688427,14.349609000000001,-5.0781249999999964,-2.9316410000000004,-0.284,-2.3665,37.7037,0.0,-3.4417654144311047
12.5202,0.29891676995023564,0.716907391947333,0.5498836780806443,0.30711642188963645,-12.367188,-2.3769530000000025,-4.947266,2.7586,-1.4875,7.53,3.833865414431105,-1.4835298641951802,0.08493287328664745,0.8625363649262268,-0.4608303263128998,0.19092625949688427,14.349609000000001,-5.0781249999999964,-2.9316410000000004,-0.2164,-2.7722,37.7037,0.0,-3.847465414431105
12.5404,0.41953500876145666,0.6374372736491871,0.5429228751156586,0.3505693230480426,-14.382812,-0.49218800000000323,-6.789062,3.1508,-1.4469,9.0493,4.2306144672212245,-1.4835298641951802,0.08493287328664745,0.8625363649262268,-0.4608303263128998,0.19092625949688427,14.349609000000001,-5.0781249999999964,-2.9316410000000004,-0.1623,-3.1778,37.7037,0.0,-4.257614467221225
12.5604,0.5818918584966852,0.4638994794599644,0.5196593106224127,0.4197062530574052,-15.816406,2.0253909999999964,-7.650391,3.7593,-1.4469,14.1949,4.839114467221225,-1.4835298641951802,0.08493287328664745,0.8625363649262268,-0.4608303263128998,0.19092625949688427,14.349609000000001,-5.0781249999999964,-2.9316410000000004,-0.1623,-3.1778,37.7037,0.0,-4.257614467221225
12.5805,0.5818918584966852,0.4638994794599644,0.5196593106224127,0.4197062530574052,-15.816406,2.0253909999999964,-7.650391,3.7593,-1.4469,14.1949,4.839114467221225,-1.4835298641951802,0.08493287328664745,0.8625363649262268,-0.4608303263128998,0.19092625949688427,14.349609000000001,-5.0781249999999964,-2.9316410000000004,-0.0541,-4.0027,37.7037,0.0,-5.082514467221225
12.6006,0.6921181485237561,0.2358998883272293,0.48250163958742304,0.4821990034899464,-15.716797,3.3261719999999966,-7.568359,4.5571,-1.4064,23.6262,5.6432819580426035,-1.4835298641951802,0.08493287328664745,0.8625363649262268,-0.4608303263128998,0.19092625949688427,14.349609000000001,-5.0781249999999964,-2.9316410000000004,-0.0135,-4.3814,37.7037,0.0,-5.467581958042604
12.6207,0.6921181485237561,0.2358998883272293,0.48250163958742304,0.4821990034899464,-16.919922,5.277343999999997,-5.306641,4.9087,-1.5551,20.2606,5.98036933888878,-1.4835298641951802,0.08493287328664745,0.8625363649262268,-0.4608303263128998,0.19092625949688427,14.349609000000001,-5.0781249999999964,-2.9316410000000004,0.0135,-4.8817,37.7037,0.0,-5.9533693388887805
12.6409,0.7208202526007789,-0.10288815707476993,0.39290791511665984,0.5616543072148443,-15.666016000000003,5.423827999999997,-3.572266,5.3956,-1.5551,10.2363,6.28,-1.4835298641951802,0.08493287328664745,0.8625363649262268,-0.4608303263128998,0.19092625949688427,14.349609000000001,-5.0781249999999964,-2.9316410000000004,0.0406,-5.2198,37.7037,0.0,-6.28
12.661,0.707541634583658,-0.17440380505753209,0.3678408979875502,0.5776341592044679,-12.203125000000002,4.042968999999998,2.84375,5.7336,-1.474,11.7619,6.28,-1.4835298641951802,0.08493287328664745,0.8625363649262268,-0.4608303263128998,0.19092625949688427,14.349609000000001,-5.0781249999999964,-2.9316410000000004,-0.0135,-5.5849,19.3409,0.0,-6.28
12.6811,0.6357733397671806,-0.3242524714618795,0.2921423854113254,0.6366360199033109,-12.035156,1.6113279999999974,-0.003906,6.0582,-1.6768,4.3044,6.28,-1.4835298641951802,0.08493287328664745,0.8625363649262268,-0.4608303263128998,0.19092625949688427,14.349609000000001,-5.0781249999999964,-2.9316410000000004,-0.0947,-6.0176,8.1624,0.0,-6.28
12.7012,0.6357733397671806,-0.3242524714618795,0.2921423854113254,0.6366360199033109,-14.222656,-0.23046900000000317,2.873047,6.3421,-1.474,14.9124,6.28,-1.4835298641951802,0.08493287328664745,0.8625363649262268,-0.4608303263128998,0.19092625949688427,14.349609000000001,-5.0781249999999964,-2.9316410000000004,-0.1623,-6.3151,18.4621,0.0,-6.28
12.7213,0.4989150552527411,-0.464473739833801,0.1417335755142451,0.7178157884993228,-11.246094,0.1777339999999975,2.205078,6.6126,-1.5281,3.8375,6.28,-1.4835298641951802,0.08493287328664745,0.8625363649262268,-0.4608303263128998,0.19092625949688427,14.349609000000001,-5.0781249999999964,-2.9316410000000004,-0.2164,-6.5856,10.5091,0.0,-6.28
12.7414,0.4989150552527411,-0.464473739833801,0.1417335755142451,0.7178157884993228,-9.234375,-2.3476560000000024,1.699219,6.7884,-1.5416,10.2256,6.28,-1.4835298641951802,0.08493287328664745,0.8625363649262268,-0.4608303263128998,0.19092625949688427,14.349609000000001,-5.0781249999999964,-2.9316410000000004,-0.2434,-6.8019,10.4423,0.0,-6.28
12.7615,0.3945113530598132,-0.5109952383335915,0.017004513200535535,0.7635152292116539,-4.089844,-1.902344000000001,0.863281,6.8695,-1.5145,9.7609,6.28,-1.4835298641951802,0.08493287328664745,0.8625363649262268,-0.4608303263128998,0.19092625949688427,4.748047,-1.6347659999999986,-1.9316410000000002,-0.2164,-6.8966,6.277,0.0,-6.28
12.7816,0.38457271730908515,-0.5108511913664753,0.0036683617414733916,0.7688442160171935,-0.5156249999999997,-1.3847660000000002,-0.011719,6.8695,-1.4875,11.1736,6.28,-1.4835298641951802,0.5435844156910121,0.40715974501244767,-0.4152731563250647,-0.6052149458622763,0.5312500000000002,-1.1777339999999998,-0.37109400000000015,-0.1487,-6.8831,10.5211,0.0,-6.28
12.8017,0.38972599243687067,-0.49632808790997923,-0.0003450729827726706,0.7757396218418631,2.388672,-0.7597659999999995,-0.855469,6.8019,-1.474,4.9319,0.0,0.0,0.5389026075327766,0.4021380737702302,-0.4146534922770912,-0.6131324739084985,-1.417969,0.07226599999999968,-0.03515599999999999,-0.0676,-6.8154,3.8961,0.0,0.0
12.8218,0.4003858182206987,-0.48791274061586454,0.00781151972612204,0.7756102979409352,4.175781,-0.5488279999999991,-1.126953,6.6937,-1.474,4.3795,0.0,0.0,0.5454096267976367,0.3952565467155628,-0.4064786760206579,-0.6173132812563195,-3.708984,0.47070299999999904,0.8027340000000001,0.0135,-6.7073,4.6221,0.0,0.0
12.8419,0.4466878866815135,-0.4550600053591256,0.04937287285013464,0.7687344423408389,5.292969,-0.3925779999999988,-1.142578,6.6261,-1.474,3.1834,0.0,0.0,0.5802774429885856,0.36145909577298124,-0.3687099297790656,-0.6298241015743397,-4.273438,0.8652339999999988,1.082031,0.0947,-6.6261,2.1374,0.0,0.0
12.862,0.46345109816933633,-0.44204407630484194,0.06612113059364501,0.7651392750986278,5.162109,-0.7695309999999989,-1.419922,6.4909,-1.474,2.5908,0.0,0.0,0.6174626835157115,0.3193696914177322,-0.3241171742769153,-0.6416314300344604,-4.880859,0.2148439999999988,0.943359,0.2299,-6.5315,7.4395,0.0,0.0
12.8821,0.5180255704536112,-0.3936875542515597,0.1041835225326944,0.7522003799628897,4.798828000000001,-3.455077999999999,-3.544922,6.4368,-1.3928,51.527,0.0,0.0,0.6237997273646734,0.32558071809555694,-0.3275662380041946,-0.6305326762856308,10.740234,2.365234000000002,2.1328120000000004,0.4733,-6.6802,58.4542,0.0,0.0
12.9022,0.5402985316982456,-0.37362176730473723,0.10215551764162176,0.7470264532506041,-1.2714839999999996,-2.2011720000000006,-3.519531,6.4368,-1.3928,83.9918,0.0,0.0,0.6237997273646734,0.32558071809555694,-0.3275662380041946,-0.6305326762856308,10.740234,2.365234000000002,2.1328120000000004,0.4733,-6.6802,58.4542,0.0,0.0
12.9223,0.5651897498034767,-0.397048988220738,0.029088340440345722,0.7225417054540164,-10.306641,2.062499999999998,-3.988281,6.5044,-1.4334,79.7262,0.0,0.0,0.6069521527491654,0.4331922756395986,-0.4181729257520925,-0.5187339788053941,13.105469,3.488281000000003,4.40625,0.5815,-6.8831,79.4737,0.0,0.0
12.9424,0.557223511238319,-0.43227929558302114,-0.010962388369312764,0.7088839081081798,-11.265625,0.4042969999999975,-5.445312,6.4909,-1.4469,91.886,0.0,0.0,0.5970554448356882,0.516263171444491,-0.46965189093300425,-0.39550503782529517,13.179687999999999,8.433594000000003,6.476562000000001,0.7302,-7.0183,87.8552,0.0,0.0
12.9625,0.541848380104529,-0.4983447780578668,-0.1579144550789109,0.658115369853709,-6.144530999999999,-2.9101560000000015,-5.650391,6.4233,-1.4469,64.0566,0.0,0.0,0.5999441197827158,0.5878165440877504,-0.4742242013705902,-0.26391318737286007,11.582030999999999,9.667969000000001,6.378906000000001,0.879,-7.0724,87.0167,0.0,0.0
12.9826,0.543240359443049,-0.49839801562991476,-0.19292050867052157,0.6475113954384567,-4.246093999999999,-2.494141000000001,-3.132812,6.3827,-1.4469,46.2776,0.0,0.0,0.580439952903506,0.6878613171343864,-0.41553052347889613,-0.1314178584549199,6.162108999999999,3.2558590000000014,0.5332030000000004,0.9736,-7.2211,25.6253,0.0,0.0
